For sale apartment 1+kt 25 m²,"https://d18-a.sdn.cz/d_18/c_img_gX_q/qlPhPq.jpeg?fl=res,400,300,3|shr,,20|jpg,90"
For sale apartment 3+1 80 m²,"https://d18-a.sdn.cz/d_18/c_img_QL_Jx/4hXmpS.jpeg?fl=res,400,300,3|shr,,20|jpg,90"
For sale apartment 4+kt 78 m²,"https://d18-a.sdn.cz/d_18/c_img_QQ_LV/88NhqJ.jpeg?fl=res,400,300,3|shr,,20|jpg,90"
For sale apartment 1+kt 31 m²,"https://d18-a.sdn.cz/d_18/c_img_gT_s/ni9Rys.jpeg?fl=res,400,300,3|shr,,20|jpg,90"
For sale apartment 3+1 77 m²,"https://d18-a.sdn.cz/d_18/c_img_gW_q/EjvaWT.jpeg?fl=res,400,300,3|shr,,20|jpg,90"
For sale apartment 3+kt 74 m²,"https://d18-a.sdn.cz/d_18/c_img_QP_Kr/CuFmyq.jpeg?fl=res,400,300,3|shr,,20|jpg,90"
For sale apartment 3+1 76 m²,"https://d18-a.sdn.cz/d_18/c_img_gY_q/wq8hSu.jpeg?fl=res,400,300,3|shr,,20|jpg,90"
For sale apartment 3+1 64 m²,"https://d18-a.sdn.cz/d_18/c_img_QQ_LV/u2DFef.jpeg?fl=res,400,300,3|shr,,20|jpg,90"
For sale apartment 2+1 67 m²,"https://d18-a.sdn.cz/d_18/c_img_gX_q/K1dXZI.jpeg?fl=res,400,300,3|shr,,20|jpg,90"
For sale apartment 2+1 51 m²,"https://d18-a.sdn.cz/d_18/c_img_gS_p/4sZBN18.jpeg?fl=res,400,300,3|shr,,20|jpg,90"
For sale apartment 2+1 59 m²,"https://d18-a.sdn.cz/d_18/c_img_QQ_LV/VEfFeS.jpeg?fl=res,400,300,3|shr,,20|jpg,90"
For sale apartment 1+1 33 m²,"https://d18-a.sdn.cz/d_18/c_img_gQ_n/VGLBeDk.jpeg?fl=res,400,300,3|shr,,20|jpg,90"
For sale apartment 1+1 34 m²,"https://d18-a.sdn.cz/d_18/c_img_gW_p/1FMBOK3.jpeg?fl=res,400,300,3|shr,,20|jpg,90"
For sale apartment 3+1 58 m²,"https://d18-a.sdn.cz/d_18/c_img_gR_q/QzOejb.jpeg?fl=res,400,300,3|shr,,20|jpg,90"
For sale apartment 3+1 78 m²,"https://d18-a.sdn.cz/d_18/c_img_QQ_LV/p30mop.jpeg?fl=res,400,300,3|shr,,20|jpg,90"
For sale apartment 2+1 87 m²,"https://d18-a.sdn.cz/d_18/c_img_QL_Jx/49wmoD.jpeg?fl=res,400,300,3|shr,,20|jpg,90"
For sale apartment 3+kt 65 m²,"https://d18-a.sdn.cz/d_18/c_img_gY_p/kVcExG.jpeg?fl=res,400,300,3|shr,,20|jpg,90"
For sale apartment 1+1 40 m²,"https://d18-a.sdn.cz/d_18/c_img_gT_r/GZIxIJ.jpeg?fl=res,400,300,3|shr,,20|jpg,90"
For sale apartment 2+1 54 m²,"https://d18-a.sdn.cz/d_18/c_img_gW_q/PCZdn7.jpeg?fl=res,400,300,3|shr,,20|jpg,90"
For sale apartment 1+kt 53 m²,"https://d18-a.sdn.cz/d_18/c_img_QI_Ja/nq7Ua3.jpeg?fl=res,400,300,3|shr,,20|jpg,90"
For sale apartment 1+kt 25 m²,"https://d18-a.sdn.cz/d_18/c_img_gX_q/qlPhPq.jpeg?fl=res,400,300,3|shr,,20|jpg,90"
For sale apartment 3+1 80 m²,"https://d18-a.sdn.cz/d_18/c_img_QL_Jx/4hXmpS.jpeg?fl=res,400,300,3|shr,,20|jpg,90"
For sale apartment 4+kt 78 m²,"https://d18-a.sdn.cz/d_18/c_img_QQ_LV/88NhqJ.jpeg?fl=res,400,300,3|shr,,20|jpg,90"
For sale apartment 1+kt 31 m²,"https://d18-a.sdn.cz/d_18/c_img_gT_s/ni9Rys.jpeg?fl=res,400,300,3|shr,,20|jpg,90"
For sale apartment 3+1 77 m²,"https://d18-a.sdn.cz/d_18/c_img_gW_q/EjvaWT.jpeg?fl=res,400,300,3|shr,,20|jpg,90"
For sale apartment 1+kt 25 m²,"https://d18-a.sdn.cz/d_18/c_img_gX_q/qlPhPq.jpeg?fl=res,400,300,3|shr,,20|jpg,90"
For sale apartment 3+kt 74 m²,"https://d18-a.sdn.cz/d_18/c_img_QP_Kr/CuFmyq.jpeg?fl=res,400,300,3|shr,,20|jpg,90"
For sale apartment 3+1 76 m²,"https://d18-a.sdn.cz/d_18/c_img_gY_q/wq8hSu.jpeg?fl=res,400,300,3|shr,,20|jpg,90"
For sale apartment 3+1 64 m²,"https://d18-a.sdn.cz/d_18/c_img_QQ_LV/u2DFef.jpeg?fl=res,400,300,3|shr,,20|jpg,90"
For sale apartment 2+1 67 m²,"https://d18-a.sdn.cz/d_18/c_img_gX_q/K1dXZI.jpeg?fl=res,400,300,3|shr,,20|jpg,90"
For sale apartment 2+1 51 m²,"https://d18-a.sdn.cz/d_18/c_img_gS_p/4sZBN18.jpeg?fl=res,400,300,3|shr,,20|jpg,90"
For sale apartment 2+1 59 m²,"https://d18-a.sdn.cz/d_18/c_img_QQ_LV/VEfFeS.jpeg?fl=res,400,300,3|shr,,20|jpg,90"
For sale apartment 3+1 80 m²,"https://d18-a.sdn.cz/d_18/c_img_QL_Jx/4hXmpS.jpeg?fl=res,400,300,3|shr,,20|jpg,90"
For sale apartment 4+kt 78 m²,"https://d18-a.sdn.cz/d_18/c_img_QQ_LV/88NhqJ.jpeg?fl=res,400,300,3|shr,,20|jpg,90"
For sale apartment 1+kt 31 m²,"https://d18-a.sdn.cz/d_18/c_img_gT_s/ni9Rys.jpeg?fl=res,400,300,3|shr,,20|jpg,90"
For sale apartment 1+1 33 m²,"https://d18-a.sdn.cz/d_18/c_img_gQ_n/VGLBeDk.jpeg?fl=res,400,300,3|shr,,20|jpg,90"
For sale apartment 1+1 34 m²,"https://d18-a.sdn.cz/d_18/c_img_gW_p/1FMBOK3.jpeg?fl=res,400,300,3|shr,,20|jpg,90"
For sale apartment 3+1 58 m²,"https://d18-a.sdn.cz/d_18/c_img_gR_q/QzOejb.jpeg?fl=res,400,300,3|shr,,20|jpg,90"
For sale apartment 3+1 78 m²,"https://d18-a.sdn.cz/d_18/c_img_QQ_LV/p30mop.jpeg?fl=res,400,300,3|shr,,20|jpg,90"
For sale apartment 1+kt 25 m²,"https://d18-a.sdn.cz/d_18/c_img_gX_q/qlPhPq.jpeg?fl=res,400,300,3|shr,,20|jpg,90"
For sale apartment 3+1 77 m²,"https://d18-a.sdn.cz/d_18/c_img_gW_q/EjvaWT.jpeg?fl=res,400,300,3|shr,,20|jpg,90"
For sale apartment 3+kt 74 m²,"https://d18-a.sdn.cz/d_18/c_img_QP_Kr/CuFmyq.jpeg?fl=res,400,300,3|shr,,20|jpg,90"
For sale apartment 3+1 76 m²,"https://d18-a.sdn.cz/d_18/c_img_gY_q/wq8hSu.jpeg?fl=res,400,300,3|shr,,20|jpg,90"
For sale apartment 3+1 64 m²,"https://d18-a.sdn.cz/d_18/c_img_QQ_LV/u2DFef.jpeg?fl=res,400,300,3|shr,,20|jpg,90"
For sale apartment 2+1 87 m²,"https://d18-a.sdn.cz/d_18/c_img_QL_Jx/49wmoD.jpeg?fl=res,400,300,3|shr,,20|jpg,90"
For sale apartment 3+1 80 m²,"https://d18-a.sdn.cz/d_18/c_img_QL_Jx/4hXmpS.jpeg?fl=res,400,300,3|shr,,20|jpg,90"
For sale apartment 4+kt 78 m²,"https://d18-a.sdn.cz/d_18/c_img_QQ_LV/88NhqJ.jpeg?fl=res,400,300,3|shr,,20|jpg,90"
For sale apartment 1+kt 31 m²,"https://d18-a.sdn.cz/d_18/c_img_gT_s/ni9Rys.jpeg?fl=res,400,300,3|shr,,20|jpg,90"
For sale apartment 3+1 77 m²,"https://d18-a.sdn.cz/d_18/c_img_gW_q/EjvaWT.jpeg?fl=res,400,300,3|shr,,20|jpg,90"
For sale apartment 3+kt 74 m²,"https://d18-a.sdn.cz/d_18/c_img_QP_Kr/CuFmyq.jpeg?fl=res,400,300,3|shr,,20|jpg,90"
For sale apartment 2+1 67 m²,"https://d18-a.sdn.cz/d_18/c_img_gX_q/K1dXZI.jpeg?fl=res,400,300,3|shr,,20|jpg,90"
For sale apartment 2+1 51 m²,"https://d18-a.sdn.cz/d_18/c_img_gS_p/4sZBN18.jpeg?fl=res,400,300,3|shr,,20|jpg,90"
For sale apartment 2+1 59 m²,"https://d18-a.sdn.cz/d_18/c_img_QQ_LV/VEfFeS.jpeg?fl=res,400,300,3|shr,,20|jpg,90"
For sale apartment 1+kt 25 m²,"https://d18-a.sdn.cz/d_18/c_img_gX_q/qlPhPq.jpeg?fl=res,400,300,3|shr,,20|jpg,90"
For sale apartment 1+kt 25 m²,"https://d18-a.sdn.cz/d_18/c_img_gX_q/qlPhPq.jpeg?fl=res,400,300,3|shr,,20|jpg,90"
For sale apartment 3+kt 65 m²,"https://d18-a.sdn.cz/d_18/c_img_gY_p/kVcExG.jpeg?fl=res,400,300,3|shr,,20|jpg,90"
For sale apartment 1+1 40 m²,"https://d18-a.sdn.cz/d_18/c_img_gT_r/GZIxIJ.jpeg?fl=res,400,300,3|shr,,20|jpg,90"
For sale apartment 2+1 54 m²,"https://d18-a.sdn.cz/d_18/c_img_gW_q/PCZdn7.jpeg?fl=res,400,300,3|shr,,20|jpg,90"
For sale apartment 3+1 76 m²,"https://d18-a.sdn.cz/d_18/c_img_gY_q/wq8hSu.jpeg?fl=res,400,300,3|shr,,20|jpg,90"
For sale apartment 3+1 64 m²,"https://d18-a.sdn.cz/d_18/c_img_QQ_LV/u2DFef.jpeg?fl=res,400,300,3|shr,,20|jpg,90"
For sale apartment 1+1 33 m²,"https://d18-a.sdn.cz/d_18/c_img_gQ_n/VGLBeDk.jpeg?fl=res,400,300,3|shr,,20|jpg,90"
For sale apartment 1+1 34 m²,"https://d18-a.sdn.cz/d_18/c_img_gW_p/1FMBOK3.jpeg?fl=res,400,300,3|shr,,20|jpg,90"
For sale apartment 3+1 58 m²,"https://d18-a.sdn.cz/d_18/c_img_gR_q/QzOejb.jpeg?fl=res,400,300,3|shr,,20|jpg,90"
For sale apartment 3+1 78 m²,"https://d18-a.sdn.cz/d_18/c_img_QQ_LV/p30mop.jpeg?fl=res,400,300,3|shr,,20|jpg,90"
For sale apartment 3+1 80 m²,"https://d18-a.sdn.cz/d_18/c_img_QL_Jx/4hXmpS.jpeg?fl=res,400,300,3|shr,,20|jpg,90"
For sale apartment 4+kt 78 m²,"https://d18-a.sdn.cz/d_18/c_img_QQ_LV/88NhqJ.jpeg?fl=res,400,300,3|shr,,20|jpg,90"
For sale apartment 1+kt 31 m²,"https://d18-a.sdn.cz/d_18/c_img_gT_s/ni9Rys.jpeg?fl=res,400,300,3|shr,,20|jpg,90"
For sale apartment 3+1 77 m²,"https://d18-a.sdn.cz/d_18/c_img_gW_q/EjvaWT.jpeg?fl=res,400,300,3|shr,,20|jpg,90"
For sale apartment 3+1 80 m²,"https://d18-a.sdn.cz/d_18/c_img_QL_Jx/4hXmpS.jpeg?fl=res,400,300,3|shr,,20|jpg,90"
For sale apartment 4+kt 78 m²,"https://d18-a.sdn.cz/d_18/c_img_QQ_LV/88NhqJ.jpeg?fl=res,400,300,3|shr,,20|jpg,90"
For sale apartment 1+kt 31 m²,"https://d18-a.sdn.cz/d_18/c_img_gT_s/ni9Rys.jpeg?fl=res,400,300,3|shr,,20|jpg,90"
For sale apartment 3+1 77 m²,"https://d18-a.sdn.cz/d_18/c_img_gW_q/EjvaWT.jpeg?fl=res,400,300,3|shr,,20|jpg,90"
For sale apartment 3+kt 74 m²,"https://d18-a.sdn.cz/d_18/c_img_QP_Kr/CuFmyq.jpeg?fl=res,400,300,3|shr,,20|jpg,90"
For sale apartment 3+1 76 m²,"https://d18-a.sdn.cz/d_18/c_img_gY_q/wq8hSu.jpeg?fl=res,400,300,3|shr,,20|jpg,90"
For sale apartment 3+1 64 m²,"https://d18-a.sdn.cz/d_18/c_img_QQ_LV/u2DFef.jpeg?fl=res,400,300,3|shr,,20|jpg,90"
For sale apartment 2+1 67 m²,"https://d18-a.sdn.cz/d_18/c_img_gX_q/K1dXZI.jpeg?fl=res,400,300,3|shr,,20|jpg,90"
For sale apartment 1+kt 53 m²,"https://d18-a.sdn.cz/d_18/c_img_QI_Ja/nq7Ua3.jpeg?fl=res,400,300,3|shr,,20|jpg,90"
For sale apartment 2+1 67 m²,"https://d18-a.sdn.cz/d_18/c_img_gX_q/K1dXZI.jpeg?fl=res,400,300,3|shr,,20|jpg,90"
For sale apartment 2+1 87 m²,"https://d18-a.sdn.cz/d_18/c_img_QL_Jx/49wmoD.jpeg?fl=res,400,300,3|shr,,20|jpg,90"
For sale apartment 3+kt 65 m²,"https://d18-a.sdn.cz/d_18/c_img_gY_p/kVcExG.jpeg?fl=res,400,300,3|shr,,20|jpg,90"
For sale apartment 1+1 40 m²,"https://d18-a.sdn.cz/d_18/c_img_gT_r/GZIxIJ.jpeg?fl=res,400,300,3|shr,,20|jpg,90"
For sale apartment 3+kt 74 m²,"https://d18-a.sdn.cz/d_18/c_img_QP_Kr/CuFmyq.jpeg?fl=res,400,300,3|shr,,20|jpg,90"
For sale apartment 3+1 76 m²,"https://d18-a.sdn.cz/d_18/c_img_gY_q/wq8hSu.jpeg?fl=res,400,300,3|shr,,20|jpg,90"
For sale apartment 3+1 64 m²,"https://d18-a.sdn.cz/d_18/c_img_QQ_LV/u2DFef.jpeg?fl=res,400,300,3|shr,,20|jpg,90"
For sale apartment 2+1 67 m²,"https://d18-a.sdn.cz/d_18/c_img_gX_q/K1dXZI.jpeg?fl=res,400,300,3|shr,,20|jpg,90"
For sale apartment 2+1 51 m²,"https://d18-a.sdn.cz/d_18/c_img_gS_p/4sZBN18.jpeg?fl=res,400,300,3|shr,,20|jpg,90"
For sale apartment 2+1 51 m²,"https://d18-a.sdn.cz/d_18/c_img_gS_p/4sZBN18.jpeg?fl=res,400,300,3|shr,,20|jpg,90"
For sale apartment 2+1 59 m²,"https://d18-a.sdn.cz/d_18/c_img_QQ_LV/VEfFeS.jpeg?fl=res,400,300,3|shr,,20|jpg,90"
For sale apartment 1+1 33 m²,"https://d18-a.sdn.cz/d_18/c_img_gQ_n/VGLBeDk.jpeg?fl=res,400,300,3|shr,,20|jpg,90"
For sale apartment 1+1 34 m²,"https://d18-a.sdn.cz/d_18/c_img_gW_p/1FMBOK3.jpeg?fl=res,400,300,3|shr,,20|jpg,90"
For sale apartment 3+1 58 m²,"https://d18-a.sdn.cz/d_18/c_img_gR_q/QzOejb.jpeg?fl=res,400,300,3|shr,,20|jpg,90"
For sale apartment 2+1 51 m²,"https://d18-a.sdn.cz/d_18/c_img_gS_p/4sZBN18.jpeg?fl=res,400,300,3|shr,,20|jpg,90"
For sale apartment 2+1 59 m²,"https://d18-a.sdn.cz/d_18/c_img_QQ_LV/VEfFeS.jpeg?fl=res,400,300,3|shr,,20|jpg,90"
For sale apartment 2+1 54 m²,"https://d18-a.sdn.cz/d_18/c_img_gW_q/PCZdn7.jpeg?fl=res,400,300,3|shr,,20|jpg,90"
For sale apartment 1+kt 53 m²,"https://d18-a.sdn.cz/d_18/c_img_QI_Ja/nq7Ua3.jpeg?fl=res,400,300,3|shr,,20|jpg,90"
For sale apartment 2+1 59 m²,"https://d18-a.sdn.cz/d_18/c_img_QQ_LV/VEfFeS.jpeg?fl=res,400,300,3|shr,,20|jpg,90"
For sale apartment 1+1 33 m²,"https://d18-a.sdn.cz/d_18/c_img_gQ_n/VGLBeDk.jpeg?fl=res,400,300,3|shr,,20|jpg,90"
For sale apartment 1+1 34 m²,"https://d18-a.sdn.cz/d_18/c_img_gW_p/1FMBOK3.jpeg?fl=res,400,300,3|shr,,20|jpg,90"
For sale apartment 3+1 58 m²,"https://d18-a.sdn.cz/d_18/c_img_gR_q/QzOejb.jpeg?fl=res,400,300,3|shr,,20|jpg,90"
For sale apartment 3+1 78 m²,"https://d18-a.sdn.cz/d_18/c_img_QQ_LV/p30mop.jpeg?fl=res,400,300,3|shr,,20|jpg,90"
For sale apartment 1+1 33 m²,"https://d18-a.sdn.cz/d_18/c_img_gQ_n/VGLBeDk.jpeg?fl=res,400,300,3|shr,,20|jpg,90"
For sale apartment 1+1 34 m²,"https://d18-a.sdn.cz/d_18/c_img_gW_p/1FMBOK3.jpeg?fl=res,400,300,3|shr,,20|jpg,90"
For sale apartment 3+1 78 m²,"https://d18-a.sdn.cz/d_18/c_img_QQ_LV/p30mop.jpeg?fl=res,400,300,3|shr,,20|jpg,90"
For sale apartment 2+1 87 m²,"https://d18-a.sdn.cz/d_18/c_img_QL_Jx/49wmoD.jpeg?fl=res,400,300,3|shr,,20|jpg,90"
For sale apartment 2+1 87 m²,"https://d18-a.sdn.cz/d_18/c_img_QL_Jx/49wmoD.jpeg?fl=res,400,300,3|shr,,20|jpg,90"
For sale apartment 3+kt 65 m²,"https://d18-a.sdn.cz/d_18/c_img_gY_p/kVcExG.jpeg?fl=res,400,300,3|shr,,20|jpg,90"
For sale apartment 1+1 40 m²,"https://d18-a.sdn.cz/d_18/c_img_gT_r/GZIxIJ.jpeg?fl=res,400,300,3|shr,,20|jpg,90"
For sale apartment 2+1 54 m²,"https://d18-a.sdn.cz/d_18/c_img_gW_q/PCZdn7.jpeg?fl=res,400,300,3|shr,,20|jpg,90"
For sale apartment 1+kt 53 m²,"https://d18-a.sdn.cz/d_18/c_img_QI_Ja/nq7Ua3.jpeg?fl=res,400,300,3|shr,,20|jpg,90"
For sale apartment 3+1 58 m²,"https://d18-a.sdn.cz/d_18/c_img_gR_q/QzOejb.jpeg?fl=res,400,300,3|shr,,20|jpg,90"
For sale apartment 3+1 78 m²,"https://d18-a.sdn.cz/d_18/c_img_QQ_LV/p30mop.jpeg?fl=res,400,300,3|shr,,20|jpg,90"
For sale apartment 2+1 87 m²,"https://d18-a.sdn.cz/d_18/c_img_QL_Jx/49wmoD.jpeg?fl=res,400,300,3|shr,,20|jpg,90"
For sale apartment 3+kt 65 m²,"https://d18-a.sdn.cz/d_18/c_img_gY_p/kVcExG.jpeg?fl=res,400,300,3|shr,,20|jpg,90"
For sale apartment 1+1 40 m²,"https://d18-a.sdn.cz/d_18/c_img_gT_r/GZIxIJ.jpeg?fl=res,400,300,3|shr,,20|jpg,90"
For sale apartment 2+1 54 m²,"https://d18-a.sdn.cz/d_18/c_img_gW_q/PCZdn7.jpeg?fl=res,400,300,3|shr,,20|jpg,90"
For sale apartment 3+kt 65 m²,"https://d18-a.sdn.cz/d_18/c_img_gY_p/kVcExG.jpeg?fl=res,400,300,3|shr,,20|jpg,90"
For sale apartment 1+1 40 m²,"https://d18-a.sdn.cz/d_18/c_img_gT_r/GZIxIJ.jpeg?fl=res,400,300,3|shr,,20|jpg,90"
For sale apartment 2+1 54 m²,"https://d18-a.sdn.cz/d_18/c_img_gW_q/PCZdn7.jpeg?fl=res,400,300,3|shr,,20|jpg,90"
For sale apartment 1+kt 53 m²,"https://d18-a.sdn.cz/d_18/c_img_QI_Ja/nq7Ua3.jpeg?fl=res,400,300,3|shr,,20|jpg,90"
For sale apartment 2+1 56 m²,"https://d18-a.sdn.cz/d_18/c_img_gY_o/M3oz7H.jpeg?fl=res,400,300,3|shr,,20|jpg,90"
For sale apartment 1+kt 53 m²,"https://d18-a.sdn.cz/d_18/c_img_QI_Ja/nq7Ua3.jpeg?fl=res,400,300,3|shr,,20|jpg,90"
For sale apartment 4+kt 114 m²,"https://d18-a.sdn.cz/d_18/c_img_QN_Jw/E0UE8B.jpeg?fl=res,400,300,3|shr,,20|jpg,90"
For sale apartment 3+1 72 m²,"https://d18-a.sdn.cz/d_18/c_img_QP_Kp/lTeO8r.jpeg?fl=res,400,300,3|shr,,20|jpg,90"
For sale apartment 2+kt 103 m²,"https://d18-a.sdn.cz/d_18/c_img_QP_Kr/mNhE7N.jpeg?fl=res,400,300,3|shr,,20|jpg,90"
For sale apartment 1+kt 20 m²,"https://d18-a.sdn.cz/d_18/c_img_gY_q/JmEWvJ.jpeg?fl=res,400,300,3|shr,,20|jpg,90"
For sale apartment 1+kt 25 m²,"https://d18-a.sdn.cz/d_18/c_img_gX_q/qlPhPq.jpeg?fl=res,400,300,3|shr,,20|jpg,90"
For sale apartment 3+1 80 m²,"https://d18-a.sdn.cz/d_18/c_img_QL_Jx/4hXmpS.jpeg?fl=res,400,300,3|shr,,20|jpg,90"
For sale apartment 4+kt 78 m²,"https://d18-a.sdn.cz/d_18/c_img_QQ_LV/88NhqJ.jpeg?fl=res,400,300,3|shr,,20|jpg,90"
For sale apartment 1+kt 31 m²,"https://d18-a.sdn.cz/d_18/c_img_gT_s/ni9Rys.jpeg?fl=res,400,300,3|shr,,20|jpg,90"
For sale apartment 3+1 77 m²,"https://d18-a.sdn.cz/d_18/c_img_gW_q/EjvaWT.jpeg?fl=res,400,300,3|shr,,20|jpg,90"
For sale apartment 3+kt 74 m²,"https://d18-a.sdn.cz/d_18/c_img_QP_Kr/CuFmyq.jpeg?fl=res,400,300,3|shr,,20|jpg,90"
For sale apartment 3+1 76 m²,"https://d18-a.sdn.cz/d_18/c_img_gY_q/wq8hSu.jpeg?fl=res,400,300,3|shr,,20|jpg,90"
For sale apartment 3+1 64 m²,"https://d18-a.sdn.cz/d_18/c_img_QQ_LV/u2DFef.jpeg?fl=res,400,300,3|shr,,20|jpg,90"
For sale apartment 2+1 67 m²,"https://d18-a.sdn.cz/d_18/c_img_gX_q/K1dXZI.jpeg?fl=res,400,300,3|shr,,20|jpg,90"
For sale apartment 2+1 51 m²,"https://d18-a.sdn.cz/d_18/c_img_gS_p/4sZBN18.jpeg?fl=res,400,300,3|shr,,20|jpg,90"
For sale apartment 2+1 59 m²,"https://d18-a.sdn.cz/d_18/c_img_QQ_LV/VEfFeS.jpeg?fl=res,400,300,3|shr,,20|jpg,90"
For sale apartment 1+1 33 m²,"https://d18-a.sdn.cz/d_18/c_img_gQ_n/VGLBeDk.jpeg?fl=res,400,300,3|shr,,20|jpg,90"
For sale apartment 1+1 34 m²,"https://d18-a.sdn.cz/d_18/c_img_gW_p/1FMBOK3.jpeg?fl=res,400,300,3|shr,,20|jpg,90"
For sale apartment 3+1 58 m²,"https://d18-a.sdn.cz/d_18/c_img_gR_q/QzOejb.jpeg?fl=res,400,300,3|shr,,20|jpg,90"
For sale apartment 1+kt 25 m²,"https://d18-a.sdn.cz/d_18/c_img_gX_q/qlPhPq.jpeg?fl=res,400,300,3|shr,,20|jpg,90"
For sale apartment 3+1 78 m²,"https://d18-a.sdn.cz/d_18/c_img_QQ_LV/p30mop.jpeg?fl=res,400,300,3|shr,,20|jpg,90"
For sale apartment 3+1 80 m²,"https://d18-a.sdn.cz/d_18/c_img_QL_Jx/4hXmpS.jpeg?fl=res,400,300,3|shr,,20|jpg,90"
For sale apartment 4+kt 78 m²,"https://d18-a.sdn.cz/d_18/c_img_QQ_LV/88NhqJ.jpeg?fl=res,400,300,3|shr,,20|jpg,90"
For sale apartment 1+kt 31 m²,"https://d18-a.sdn.cz/d_18/c_img_gT_s/ni9Rys.jpeg?fl=res,400,300,3|shr,,20|jpg,90"
For sale apartment 3+1 77 m²,"https://d18-a.sdn.cz/d_18/c_img_gW_q/EjvaWT.jpeg?fl=res,400,300,3|shr,,20|jpg,90"
For sale apartment 3+kt 74 m²,"https://d18-a.sdn.cz/d_18/c_img_QP_Kr/CuFmyq.jpeg?fl=res,400,300,3|shr,,20|jpg,90"
For sale apartment 3+1 76 m²,"https://d18-a.sdn.cz/d_18/c_img_gY_q/wq8hSu.jpeg?fl=res,400,300,3|shr,,20|jpg,90"
For sale apartment 2+1 56 m²,"https://d18-a.sdn.cz/d_18/c_img_gY_o/M3oz7H.jpeg?fl=res,400,300,3|shr,,20|jpg,90"
For sale apartment 3+1 64 m²,"https://d18-a.sdn.cz/d_18/c_img_QQ_LV/u2DFef.jpeg?fl=res,400,300,3|shr,,20|jpg,90"
For sale apartment 2+1 67 m²,"https://d18-a.sdn.cz/d_18/c_img_gX_q/K1dXZI.jpeg?fl=res,400,300,3|shr,,20|jpg,90"
For sale apartment 2+1 51 m²,"https://d18-a.sdn.cz/d_18/c_img_gS_p/4sZBN18.jpeg?fl=res,400,300,3|shr,,20|jpg,90"
For sale apartment 2+1 59 m²,"https://d18-a.sdn.cz/d_18/c_img_QQ_LV/VEfFeS.jpeg?fl=res,400,300,3|shr,,20|jpg,90"
For sale apartment 1+1 33 m²,"https://d18-a.sdn.cz/d_18/c_img_gQ_n/VGLBeDk.jpeg?fl=res,400,300,3|shr,,20|jpg,90"
For sale apartment 1+1 34 m²,"https://d18-a.sdn.cz/d_18/c_img_gW_p/1FMBOK3.jpeg?fl=res,400,300,3|shr,,20|jpg,90"
For sale apartment 4+kt 114 m²,"https://d18-a.sdn.cz/d_18/c_img_QN_Jw/E0UE8B.jpeg?fl=res,400,300,3|shr,,20|jpg,90"
For sale apartment 3+1 72 m²,"https://d18-a.sdn.cz/d_18/c_img_QP_Kp/lTeO8r.jpeg?fl=res,400,300,3|shr,,20|jpg,90"
For sale apartment 2+kt 103 m²,"https://d18-a.sdn.cz/d_18/c_img_QP_Kr/mNhE7N.jpeg?fl=res,400,300,3|shr,,20|jpg,90"
For sale apartment 1+kt 20 m²,"https://d18-a.sdn.cz/d_18/c_img_gY_q/JmEWvJ.jpeg?fl=res,400,300,3|shr,,20|jpg,90"
For sale apartment 1+kt 25 m²,"https://d18-a.sdn.cz/d_18/c_img_gX_q/qlPhPq.jpeg?fl=res,400,300,3|shr,,20|jpg,90"
For sale apartment 3+1 80 m²,"https://d18-a.sdn.cz/d_18/c_img_QL_Jx/4hXmpS.jpeg?fl=res,400,300,3|shr,,20|jpg,90"
For sale apartment 3+1 58 m²,"https://d18-a.sdn.cz/d_18/c_img_gR_q/QzOejb.jpeg?fl=res,400,300,3|shr,,20|jpg,90"
For sale apartment 3+1 78 m²,"https://d18-a.sdn.cz/d_18/c_img_QQ_LV/p30mop.jpeg?fl=res,400,300,3|shr,,20|jpg,90"
For sale apartment 2+1 87 m²,"https://d18-a.sdn.cz/d_18/c_img_QL_Jx/49wmoD.jpeg?fl=res,400,300,3|shr,,20|jpg,90"
For sale apartment 3+kt 65 m²,"https://d18-a.sdn.cz/d_18/c_img_gY_p/kVcExG.jpeg?fl=res,400,300,3|shr,,20|jpg,90"
For sale apartment 1+1 40 m²,"https://d18-a.sdn.cz/d_18/c_img_gT_r/GZIxIJ.jpeg?fl=res,400,300,3|shr,,20|jpg,90"
For sale apartment 4+kt 78 m²,"https://d18-a.sdn.cz/d_18/c_img_QQ_LV/88NhqJ.jpeg?fl=res,400,300,3|shr,,20|jpg,90"
For sale apartment 1+kt 31 m²,"https://d18-a.sdn.cz/d_18/c_img_gT_s/ni9Rys.jpeg?fl=res,400,300,3|shr,,20|jpg,90"
For sale apartment 3+1 77 m²,"https://d18-a.sdn.cz/d_18/c_img_gW_q/EjvaWT.jpeg?fl=res,400,300,3|shr,,20|jpg,90"
For sale apartment 3+kt 74 m²,"https://d18-a.sdn.cz/d_18/c_img_QP_Kr/CuFmyq.jpeg?fl=res,400,300,3|shr,,20|jpg,90"
For sale apartment 3+1 76 m²,"https://d18-a.sdn.cz/d_18/c_img_gY_q/wq8hSu.jpeg?fl=res,400,300,3|shr,,20|jpg,90"
For sale apartment 3+1 64 m²,"https://d18-a.sdn.cz/d_18/c_img_QQ_LV/u2DFef.jpeg?fl=res,400,300,3|shr,,20|jpg,90"
For sale apartment 2+1 54 m²,"https://d18-a.sdn.cz/d_18/c_img_gW_q/PCZdn7.jpeg?fl=res,400,300,3|shr,,20|jpg,90"
For sale apartment 1+kt 53 m²,"https://d18-a.sdn.cz/d_18/c_img_QI_Ja/nq7Ua3.jpeg?fl=res,400,300,3|shr,,20|jpg,90"
For sale apartment 2+1 67 m²,"https://d18-a.sdn.cz/d_18/c_img_gX_q/K1dXZI.jpeg?fl=res,400,300,3|shr,,20|jpg,90"
For sale apartment 2+1 51 m²,"https://d18-a.sdn.cz/d_18/c_img_gS_p/4sZBN18.jpeg?fl=res,400,300,3|shr,,20|jpg,90"
For sale apartment 2+1 59 m²,"https://d18-a.sdn.cz/d_18/c_img_QQ_LV/VEfFeS.jpeg?fl=res,400,300,3|shr,,20|jpg,90"
For sale apartment 1+1 33 m²,"https://d18-a.sdn.cz/d_18/c_img_gQ_n/VGLBeDk.jpeg?fl=res,400,300,3|shr,,20|jpg,90"
For sale apartment 1+1 34 m²,"https://d18-a.sdn.cz/d_18/c_img_gW_p/1FMBOK3.jpeg?fl=res,400,300,3|shr,,20|jpg,90"
For sale apartment 3+1 58 m²,"https://d18-a.sdn.cz/d_18/c_img_gR_q/QzOejb.jpeg?fl=res,400,300,3|shr,,20|jpg,90"
For sale apartment 3+1 78 m²,"https://d18-a.sdn.cz/d_18/c_img_QQ_LV/p30mop.jpeg?fl=res,400,300,3|shr,,20|jpg,90"
For sale apartment 2+1 56 m²,"https://d18-a.sdn.cz/d_18/c_img_gY_o/M3oz7H.jpeg?fl=res,400,300,3|shr,,20|jpg,90"
For sale apartment 4+kt 114 m²,"https://d18-a.sdn.cz/d_18/c_img_QN_Jw/E0UE8B.jpeg?fl=res,400,300,3|shr,,20|jpg,90"
For sale apartment 3+1 72 m²,"https://d18-a.sdn.cz/d_18/c_img_QP_Kp/lTeO8r.jpeg?fl=res,400,300,3|shr,,20|jpg,90"
For sale apartment 2+kt 103 m²,"https://d18-a.sdn.cz/d_18/c_img_QP_Kr/mNhE7N.jpeg?fl=res,400,300,3|shr,,20|jpg,90"
For sale apartment 1+kt 20 m²,"https://d18-a.sdn.cz/d_18/c_img_gY_q/JmEWvJ.jpeg?fl=res,400,300,3|shr,,20|jpg,90"
For sale apartment 1+kt 25 m²,"https://d18-a.sdn.cz/d_18/c_img_gX_q/qlPhPq.jpeg?fl=res,400,300,3|shr,,20|jpg,90"
For sale apartment 3+1 80 m²,"https://d18-a.sdn.cz/d_18/c_img_QL_Jx/4hXmpS.jpeg?fl=res,400,300,3|shr,,20|jpg,90"
For sale apartment 4+kt 78 m²,"https://d18-a.sdn.cz/d_18/c_img_QQ_LV/88NhqJ.jpeg?fl=res,400,300,3|shr,,20|jpg,90"
For sale apartment 1+kt 31 m²,"https://d18-a.sdn.cz/d_18/c_img_gT_s/ni9Rys.jpeg?fl=res,400,300,3|shr,,20|jpg,90"
For sale apartment 3+1 77 m²,"https://d18-a.sdn.cz/d_18/c_img_gW_q/EjvaWT.jpeg?fl=res,400,300,3|shr,,20|jpg,90"
For sale apartment 3+kt 74 m²,"https://d18-a.sdn.cz/d_18/c_img_QP_Kr/CuFmyq.jpeg?fl=res,400,300,3|shr,,20|jpg,90"
For sale apartment 3+1 76 m²,"https://d18-a.sdn.cz/d_18/c_img_gY_q/wq8hSu.jpeg?fl=res,400,300,3|shr,,20|jpg,90"
For sale apartment 3+1 64 m²,"https://d18-a.sdn.cz/d_18/c_img_QQ_LV/u2DFef.jpeg?fl=res,400,300,3|shr,,20|jpg,90"
For sale apartment 2+1 67 m²,"https://d18-a.sdn.cz/d_18/c_img_gX_q/K1dXZI.jpeg?fl=res,400,300,3|shr,,20|jpg,90"
For sale apartment 2+1 51 m²,"https://d18-a.sdn.cz/d_18/c_img_gS_p/4sZBN18.jpeg?fl=res,400,300,3|shr,,20|jpg,90"
For sale apartment 1+kt 25 m²,"https://d18-a.sdn.cz/d_18/c_img_gX_q/qlPhPq.jpeg?fl=res,400,300,3|shr,,20|jpg,90"
For sale apartment 2+1 59 m²,"https://d18-a.sdn.cz/d_18/c_img_QQ_LV/VEfFeS.jpeg?fl=res,400,300,3|shr,,20|jpg,90"
For sale apartment 3+1 80 m²,"https://d18-a.sdn.cz/d_18/c_img_QL_Jx/4hXmpS.jpeg?fl=res,400,300,3|shr,,20|jpg,90"
For sale apartment 4+kt 78 m²,"https://d18-a.sdn.cz/d_18/c_img_QQ_LV/88NhqJ.jpeg?fl=res,400,300,3|shr,,20|jpg,90"
For sale apartment 1+1 33 m²,"https://d18-a.sdn.cz/d_18/c_img_gQ_n/VGLBeDk.jpeg?fl=res,400,300,3|shr,,20|jpg,90"
For sale apartment 1+1 34 m²,"https://d18-a.sdn.cz/d_18/c_img_gW_p/1FMBOK3.jpeg?fl=res,400,300,3|shr,,20|jpg,90"
For sale apartment 1+kt 31 m²,"https://d18-a.sdn.cz/d_18/c_img_gT_s/ni9Rys.jpeg?fl=res,400,300,3|shr,,20|jpg,90"
For sale apartment 3+1 77 m²,"https://d18-a.sdn.cz/d_18/c_img_gW_q/EjvaWT.jpeg?fl=res,400,300,3|shr,,20|jpg,90"
For sale apartment 3+kt 74 m²,"https://d18-a.sdn.cz/d_18/c_img_QP_Kr/CuFmyq.jpeg?fl=res,400,300,3|shr,,20|jpg,90"
For sale apartment 3+1 76 m²,"https://d18-a.sdn.cz/d_18/c_img_gY_q/wq8hSu.jpeg?fl=res,400,300,3|shr,,20|jpg,90"
For sale apartment 2+1 56 m²,"https://d18-a.sdn.cz/d_18/c_img_gY_o/M3oz7H.jpeg?fl=res,400,300,3|shr,,20|jpg,90"
For sale apartment 3+1 58 m²,"https://d18-a.sdn.cz/d_18/c_img_gR_q/QzOejb.jpeg?fl=res,400,300,3|shr,,20|jpg,90"
For sale apartment 3+1 78 m²,"https://d18-a.sdn.cz/d_18/c_img_QQ_LV/p30mop.jpeg?fl=res,400,300,3|shr,,20|jpg,90"
For sale apartment 3+1 64 m²,"https://d18-a.sdn.cz/d_18/c_img_QQ_LV/u2DFef.jpeg?fl=res,400,300,3|shr,,20|jpg,90"
For sale apartment 2+1 67 m²,"https://d18-a.sdn.cz/d_18/c_img_gX_q/K1dXZI.jpeg?fl=res,400,300,3|shr,,20|jpg,90"
For sale apartment 2+1 51 m²,"https://d18-a.sdn.cz/d_18/c_img_gS_p/4sZBN18.jpeg?fl=res,400,300,3|shr,,20|jpg,90"
For sale apartment 2+1 59 m²,"https://d18-a.sdn.cz/d_18/c_img_QQ_LV/VEfFeS.jpeg?fl=res,400,300,3|shr,,20|jpg,90"
For sale apartment 4+kt 114 m²,"https://d18-a.sdn.cz/d_18/c_img_QN_Jw/E0UE8B.jpeg?fl=res,400,300,3|shr,,20|jpg,90"
For sale apartment 3+1 72 m²,"https://d18-a.sdn.cz/d_18/c_img_QP_Kp/lTeO8r.jpeg?fl=res,400,300,3|shr,,20|jpg,90"
For sale apartment 2+kt 103 m²,"https://d18-a.sdn.cz/d_18/c_img_QP_Kr/mNhE7N.jpeg?fl=res,400,300,3|shr,,20|jpg,90"
For sale apartment 1+kt 25 m²,"https://d18-a.sdn.cz/d_18/c_img_gX_q/qlPhPq.jpeg?fl=res,400,300,3|shr,,20|jpg,90"
For sale apartment 1+1 33 m²,"https://d18-a.sdn.cz/d_18/c_img_gQ_n/VGLBeDk.jpeg?fl=res,400,300,3|shr,,20|jpg,90"
For sale apartment 1+kt 20 m²,"https://d18-a.sdn.cz/d_18/c_img_gY_q/JmEWvJ.jpeg?fl=res,400,300,3|shr,,20|jpg,90"
For sale apartment 1+kt 25 m²,"https://d18-a.sdn.cz/d_18/c_img_gX_q/qlPhPq.jpeg?fl=res,400,300,3|shr,,20|jpg,90"
For sale apartment 3+1 80 m²,"https://d18-a.sdn.cz/d_18/c_img_QL_Jx/4hXmpS.jpeg?fl=res,400,300,3|shr,,20|jpg,90"
For sale apartment 3+1 80 m²,"https://d18-a.sdn.cz/d_18/c_img_QL_Jx/4hXmpS.jpeg?fl=res,400,300,3|shr,,20|jpg,90"
For sale apartment 1+1 34 m²,"https://d18-a.sdn.cz/d_18/c_img_gW_p/1FMBOK3.jpeg?fl=res,400,300,3|shr,,20|jpg,90"
For sale apartment 3+1 58 m²,"https://d18-a.sdn.cz/d_18/c_img_gR_q/QzOejb.jpeg?fl=res,400,300,3|shr,,20|jpg,90"
For sale apartment 3+1 78 m²,"https://d18-a.sdn.cz/d_18/c_img_QQ_LV/p30mop.jpeg?fl=res,400,300,3|shr,,20|jpg,90"
For sale apartment 2+1 87 m²,"https://d18-a.sdn.cz/d_18/c_img_QL_Jx/49wmoD.jpeg?fl=res,400,300,3|shr,,20|jpg,90"
For sale apartment 3+kt 65 m²,"https://d18-a.sdn.cz/d_18/c_img_gY_p/kVcExG.jpeg?fl=res,400,300,3|shr,,20|jpg,90"
For sale apartment 1+1 40 m²,"https://d18-a.sdn.cz/d_18/c_img_gT_r/GZIxIJ.jpeg?fl=res,400,300,3|shr,,20|jpg,90"
For sale apartment 4+kt 78 m²,"https://d18-a.sdn.cz/d_18/c_img_QQ_LV/88NhqJ.jpeg?fl=res,400,300,3|shr,,20|jpg,90"
For sale apartment 1+kt 31 m²,"https://d18-a.sdn.cz/d_18/c_img_gT_s/ni9Rys.jpeg?fl=res,400,300,3|shr,,20|jpg,90"
For sale apartment 3+1 77 m²,"https://d18-a.sdn.cz/d_18/c_img_gW_q/EjvaWT.jpeg?fl=res,400,300,3|shr,,20|jpg,90"
For sale apartment 3+kt 74 m²,"https://d18-a.sdn.cz/d_18/c_img_QP_Kr/CuFmyq.jpeg?fl=res,400,300,3|shr,,20|jpg,90"
For sale apartment 4+kt 78 m²,"https://d18-a.sdn.cz/d_18/c_img_QQ_LV/88NhqJ.jpeg?fl=res,400,300,3|shr,,20|jpg,90"
For sale apartment 1+kt 31 m²,"https://d18-a.sdn.cz/d_18/c_img_gT_s/ni9Rys.jpeg?fl=res,400,300,3|shr,,20|jpg,90"
For sale apartment 3+1 77 m²,"https://d18-a.sdn.cz/d_18/c_img_gW_q/EjvaWT.jpeg?fl=res,400,300,3|shr,,20|jpg,90"
For sale apartment 3+kt 74 m²,"https://d18-a.sdn.cz/d_18/c_img_QP_Kr/CuFmyq.jpeg?fl=res,400,300,3|shr,,20|jpg,90"
For sale apartment 2+1 56 m²,"https://d18-a.sdn.cz/d_18/c_img_gY_o/M3oz7H.jpeg?fl=res,400,300,3|shr,,20|jpg,90"
For sale apartment 1+kt 25 m²,"https://d18-a.sdn.cz/d_18/c_img_gX_q/qlPhPq.jpeg?fl=res,400,300,3|shr,,20|jpg,90"
For sale apartment 2+1 54 m²,"https://d18-a.sdn.cz/d_18/c_img_gW_q/PCZdn7.jpeg?fl=res,400,300,3|shr,,20|jpg,90"
For sale apartment 1+kt 53 m²,"https://d18-a.sdn.cz/d_18/c_img_QI_Ja/nq7Ua3.jpeg?fl=res,400,300,3|shr,,20|jpg,90"
For sale apartment 3+1 76 m²,"https://d18-a.sdn.cz/d_18/c_img_gY_q/wq8hSu.jpeg?fl=res,400,300,3|shr,,20|jpg,90"
For sale apartment 3+1 64 m²,"https://d18-a.sdn.cz/d_18/c_img_QQ_LV/u2DFef.jpeg?fl=res,400,300,3|shr,,20|jpg,90"
For sale apartment 3+1 76 m²,"https://d18-a.sdn.cz/d_18/c_img_gY_q/wq8hSu.jpeg?fl=res,400,300,3|shr,,20|jpg,90"
For sale apartment 3+1 64 m²,"https://d18-a.sdn.cz/d_18/c_img_QQ_LV/u2DFef.jpeg?fl=res,400,300,3|shr,,20|jpg,90"
For sale apartment 2+1 67 m²,"https://d18-a.sdn.cz/d_18/c_img_gX_q/K1dXZI.jpeg?fl=res,400,300,3|shr,,20|jpg,90"
For sale apartment 2+1 51 m²,"https://d18-a.sdn.cz/d_18/c_img_gS_p/4sZBN18.jpeg?fl=res,400,300,3|shr,,20|jpg,90"
For sale apartment 4+kt 114 m²,"https://d18-a.sdn.cz/d_18/c_img_QN_Jw/E0UE8B.jpeg?fl=res,400,300,3|shr,,20|jpg,90"
For sale apartment 3+1 72 m²,"https://d18-a.sdn.cz/d_18/c_img_QP_Kp/lTeO8r.jpeg?fl=res,400,300,3|shr,,20|jpg,90"
For sale apartment 2+kt 103 m²,"https://d18-a.sdn.cz/d_18/c_img_QP_Kr/mNhE7N.jpeg?fl=res,400,300,3|shr,,20|jpg,90"
For sale apartment 1+kt 20 m²,"https://d18-a.sdn.cz/d_18/c_img_gY_q/JmEWvJ.jpeg?fl=res,400,300,3|shr,,20|jpg,90"
For sale apartment 3+1 80 m²,"https://d18-a.sdn.cz/d_18/c_img_QL_Jx/4hXmpS.jpeg?fl=res,400,300,3|shr,,20|jpg,90"
For sale apartment 4+kt 78 m²,"https://d18-a.sdn.cz/d_18/c_img_QQ_LV/88NhqJ.jpeg?fl=res,400,300,3|shr,,20|jpg,90"
For sale apartment 2+1 67 m²,"https://d18-a.sdn.cz/d_18/c_img_gX_q/K1dXZI.jpeg?fl=res,400,300,3|shr,,20|jpg,90"
For sale apartment 2+1 51 m²,"https://d18-a.sdn.cz/d_18/c_img_gS_p/4sZBN18.jpeg?fl=res,400,300,3|shr,,20|jpg,90"
For sale apartment 2+1 59 m²,"https://d18-a.sdn.cz/d_18/c_img_QQ_LV/VEfFeS.jpeg?fl=res,400,300,3|shr,,20|jpg,90"
For sale apartment 1+1 33 m²,"https://d18-a.sdn.cz/d_18/c_img_gQ_n/VGLBeDk.jpeg?fl=res,400,300,3|shr,,20|jpg,90"
For sale apartment 2+1 59 m²,"https://d18-a.sdn.cz/d_18/c_img_QQ_LV/VEfFeS.jpeg?fl=res,400,300,3|shr,,20|jpg,90"
For sale apartment 1+1 33 m²,"https://d18-a.sdn.cz/d_18/c_img_gQ_n/VGLBeDk.jpeg?fl=res,400,300,3|shr,,20|jpg,90"
For sale apartment 1+1 34 m²,"https://d18-a.sdn.cz/d_18/c_img_gW_p/1FMBOK3.jpeg?fl=res,400,300,3|shr,,20|jpg,90"
For sale apartment 3+1 58 m²,"https://d18-a.sdn.cz/d_18/c_img_gR_q/QzOejb.jpeg?fl=res,400,300,3|shr,,20|jpg,90"
For sale apartment 3+1 78 m²,"https://d18-a.sdn.cz/d_18/c_img_QQ_LV/p30mop.jpeg?fl=res,400,300,3|shr,,20|jpg,90"
For sale apartment 1+kt 25 m²,"https://d18-a.sdn.cz/d_18/c_img_gX_q/qlPhPq.jpeg?fl=res,400,300,3|shr,,20|jpg,90"
For sale apartment 3+1 80 m²,"https://d18-a.sdn.cz/d_18/c_img_QL_Jx/4hXmpS.jpeg?fl=res,400,300,3|shr,,20|jpg,90"
For sale apartment 4+kt 78 m²,"https://d18-a.sdn.cz/d_18/c_img_QQ_LV/88NhqJ.jpeg?fl=res,400,300,3|shr,,20|jpg,90"
For sale apartment 1+kt 31 m²,"https://d18-a.sdn.cz/d_18/c_img_gT_s/ni9Rys.jpeg?fl=res,400,300,3|shr,,20|jpg,90"
For sale apartment 3+1 77 m²,"https://d18-a.sdn.cz/d_18/c_img_gW_q/EjvaWT.jpeg?fl=res,400,300,3|shr,,20|jpg,90"
For sale apartment 1+kt 31 m²,"https://d18-a.sdn.cz/d_18/c_img_gT_s/ni9Rys.jpeg?fl=res,400,300,3|shr,,20|jpg,90"
For sale apartment 3+1 77 m²,"https://d18-a.sdn.cz/d_18/c_img_gW_q/EjvaWT.jpeg?fl=res,400,300,3|shr,,20|jpg,90"
For sale apartment 3+kt 74 m²,"https://d18-a.sdn.cz/d_18/c_img_QP_Kr/CuFmyq.jpeg?fl=res,400,300,3|shr,,20|jpg,90"
For sale apartment 3+1 76 m²,"https://d18-a.sdn.cz/d_18/c_img_gY_q/wq8hSu.jpeg?fl=res,400,300,3|shr,,20|jpg,90"
For sale apartment 1+1 34 m²,"https://d18-a.sdn.cz/d_18/c_img_gW_p/1FMBOK3.jpeg?fl=res,400,300,3|shr,,20|jpg,90"
For sale apartment 3+1 58 m²,"https://d18-a.sdn.cz/d_18/c_img_gR_q/QzOejb.jpeg?fl=res,400,300,3|shr,,20|jpg,90"
For sale apartment 3+1 78 m²,"https://d18-a.sdn.cz/d_18/c_img_QQ_LV/p30mop.jpeg?fl=res,400,300,3|shr,,20|jpg,90"
For sale apartment 2+1 87 m²,"https://d18-a.sdn.cz/d_18/c_img_QL_Jx/49wmoD.jpeg?fl=res,400,300,3|shr,,20|jpg,90"
For sale apartment 3+kt 65 m²,"https://d18-a.sdn.cz/d_18/c_img_gY_p/kVcExG.jpeg?fl=res,400,300,3|shr,,20|jpg,90"
For sale apartment 1+1 40 m²,"https://d18-a.sdn.cz/d_18/c_img_gT_r/GZIxIJ.jpeg?fl=res,400,300,3|shr,,20|jpg,90"
For sale apartment 3+kt 74 m²,"https://d18-a.sdn.cz/d_18/c_img_QP_Kr/CuFmyq.jpeg?fl=res,400,300,3|shr,,20|jpg,90"
For sale apartment 3+1 76 m²,"https://d18-a.sdn.cz/d_18/c_img_gY_q/wq8hSu.jpeg?fl=res,400,300,3|shr,,20|jpg,90"
For sale apartment 3+1 64 m²,"https://d18-a.sdn.cz/d_18/c_img_QQ_LV/u2DFef.jpeg?fl=res,400,300,3|shr,,20|jpg,90"
For sale apartment 3+1 64 m²,"https://d18-a.sdn.cz/d_18/c_img_QQ_LV/u2DFef.jpeg?fl=res,400,300,3|shr,,20|jpg,90"
For sale apartment 2+1 67 m²,"https://d18-a.sdn.cz/d_18/c_img_gX_q/K1dXZI.jpeg?fl=res,400,300,3|shr,,20|jpg,90"
For sale apartment 2+1 51 m²,"https://d18-a.sdn.cz/d_18/c_img_gS_p/4sZBN18.jpeg?fl=res,400,300,3|shr,,20|jpg,90"
For sale apartment 2+1 59 m²,"https://d18-a.sdn.cz/d_18/c_img_QQ_LV/VEfFeS.jpeg?fl=res,400,300,3|shr,,20|jpg,90"
For sale apartment 1+1 33 m²,"https://d18-a.sdn.cz/d_18/c_img_gQ_n/VGLBeDk.jpeg?fl=res,400,300,3|shr,,20|jpg,90"
For sale apartment 2+1 54 m²,"https://d18-a.sdn.cz/d_18/c_img_gW_q/PCZdn7.jpeg?fl=res,400,300,3|shr,,20|jpg,90"
For sale apartment 1+kt 53 m²,"https://d18-a.sdn.cz/d_18/c_img_QI_Ja/nq7Ua3.jpeg?fl=res,400,300,3|shr,,20|jpg,90"
For sale apartment 2+1 67 m²,"https://d18-a.sdn.cz/d_18/c_img_gX_q/K1dXZI.jpeg?fl=res,400,300,3|shr,,20|jpg,90"
For sale apartment 2+1 51 m²,"https://d18-a.sdn.cz/d_18/c_img_gS_p/4sZBN18.jpeg?fl=res,400,300,3|shr,,20|jpg,90"
For sale apartment 2+1 59 m²,"https://d18-a.sdn.cz/d_18/c_img_QQ_LV/VEfFeS.jpeg?fl=res,400,300,3|shr,,20|jpg,90"
For sale apartment 1+1 34 m²,"https://d18-a.sdn.cz/d_18/c_img_gW_p/1FMBOK3.jpeg?fl=res,400,300,3|shr,,20|jpg,90"
For sale apartment 3+1 58 m²,"https://d18-a.sdn.cz/d_18/c_img_gR_q/QzOejb.jpeg?fl=res,400,300,3|shr,,20|jpg,90"
For sale apartment 3+1 78 m²,"https://d18-a.sdn.cz/d_18/c_img_QQ_LV/p30mop.jpeg?fl=res,400,300,3|shr,,20|jpg,90"
For sale apartment 2+1 87 m²,"https://d18-a.sdn.cz/d_18/c_img_QL_Jx/49wmoD.jpeg?fl=res,400,300,3|shr,,20|jpg,90"
For sale apartment 3+kt 65 m²,"https://d18-a.sdn.cz/d_18/c_img_gY_p/kVcExG.jpeg?fl=res,400,300,3|shr,,20|jpg,90"
For sale apartment 1+1 33 m²,"https://d18-a.sdn.cz/d_18/c_img_gQ_n/VGLBeDk.jpeg?fl=res,400,300,3|shr,,20|jpg,90"
For sale apartment 1+1 34 m²,"https://d18-a.sdn.cz/d_18/c_img_gW_p/1FMBOK3.jpeg?fl=res,400,300,3|shr,,20|jpg,90"
For sale apartment 3+1 58 m²,"https://d18-a.sdn.cz/d_18/c_img_gR_q/QzOejb.jpeg?fl=res,400,300,3|shr,,20|jpg,90"
For sale apartment 3+1 78 m²,"https://d18-a.sdn.cz/d_18/c_img_QQ_LV/p30mop.jpeg?fl=res,400,300,3|shr,,20|jpg,90"
For sale apartment 1+1 40 m²,"https://d18-a.sdn.cz/d_18/c_img_gT_r/GZIxIJ.jpeg?fl=res,400,300,3|shr,,20|jpg,90"
For sale apartment 2+1 54 m²,"https://d18-a.sdn.cz/d_18/c_img_gW_q/PCZdn7.jpeg?fl=res,400,300,3|shr,,20|jpg,90"
For sale apartment 1+kt 53 m²,"https://d18-a.sdn.cz/d_18/c_img_QI_Ja/nq7Ua3.jpeg?fl=res,400,300,3|shr,,20|jpg,90"
For sale apartment 2+1 56 m²,"https://d18-a.sdn.cz/d_18/c_img_gY_o/M3oz7H.jpeg?fl=res,400,300,3|shr,,20|jpg,90"
For sale apartment 4+kt 114 m²,"https://d18-a.sdn.cz/d_18/c_img_QN_Jw/E0UE8B.jpeg?fl=res,400,300,3|shr,,20|jpg,90"
For sale apartment 3+1 72 m²,"https://d18-a.sdn.cz/d_18/c_img_QP_Kp/lTeO8r.jpeg?fl=res,400,300,3|shr,,20|jpg,90"
For sale apartment 2+kt 103 m²,"https://d18-a.sdn.cz/d_18/c_img_QP_Kr/mNhE7N.jpeg?fl=res,400,300,3|shr,,20|jpg,90"
For sale apartment 1+kt 20 m²,"https://d18-a.sdn.cz/d_18/c_img_gY_q/JmEWvJ.jpeg?fl=res,400,300,3|shr,,20|jpg,90"
For sale apartment 1+kt 25 m²,"https://d18-a.sdn.cz/d_18/c_img_gX_q/qlPhPq.jpeg?fl=res,400,300,3|shr,,20|jpg,90"
For sale apartment 3+1 80 m²,"https://d18-a.sdn.cz/d_18/c_img_QL_Jx/4hXmpS.jpeg?fl=res,400,300,3|shr,,20|jpg,90"
For sale apartment 4+kt 78 m²,"https://d18-a.sdn.cz/d_18/c_img_QQ_LV/88NhqJ.jpeg?fl=res,400,300,3|shr,,20|jpg,90"
For sale apartment 1+kt 31 m²,"https://d18-a.sdn.cz/d_18/c_img_gT_s/ni9Rys.jpeg?fl=res,400,300,3|shr,,20|jpg,90"
For sale apartment 3+1 77 m²,"https://d18-a.sdn.cz/d_18/c_img_gW_q/EjvaWT.jpeg?fl=res,400,300,3|shr,,20|jpg,90"
For sale apartment 3+kt 74 m²,"https://d18-a.sdn.cz/d_18/c_img_QP_Kr/CuFmyq.jpeg?fl=res,400,300,3|shr,,20|jpg,90"
For sale apartment 3+1 76 m²,"https://d18-a.sdn.cz/d_18/c_img_gY_q/wq8hSu.jpeg?fl=res,400,300,3|shr,,20|jpg,90"
For sale apartment 3+1 64 m²,"https://d18-a.sdn.cz/d_18/c_img_QQ_LV/u2DFef.jpeg?fl=res,400,300,3|shr,,20|jpg,90"
For sale apartment 2+1 67 m²,"https://d18-a.sdn.cz/d_18/c_img_gX_q/K1dXZI.jpeg?fl=res,400,300,3|shr,,20|jpg,90"
For sale apartment 2+1 51 m²,"https://d18-a.sdn.cz/d_18/c_img_gS_p/4sZBN18.jpeg?fl=res,400,300,3|shr,,20|jpg,90"
For sale apartment 2+1 59 m²,"https://d18-a.sdn.cz/d_18/c_img_QQ_LV/VEfFeS.jpeg?fl=res,400,300,3|shr,,20|jpg,90"
For sale apartment 1+1 33 m²,"https://d18-a.sdn.cz/d_18/c_img_gQ_n/VGLBeDk.jpeg?fl=res,400,300,3|shr,,20|jpg,90"
For sale apartment 1+1 34 m²,"https://d18-a.sdn.cz/d_18/c_img_gW_p/1FMBOK3.jpeg?fl=res,400,300,3|shr,,20|jpg,90"
For sale apartment 3+1 58 m²,"https://d18-a.sdn.cz/d_18/c_img_gR_q/QzOejb.jpeg?fl=res,400,300,3|shr,,20|jpg,90"
For sale apartment 3+1 78 m²,"https://d18-a.sdn.cz/d_18/c_img_QQ_LV/p30mop.jpeg?fl=res,400,300,3|shr,,20|jpg,90"
For sale apartment 2+1 56 m²,"https://d18-a.sdn.cz/d_18/c_img_gY_o/M3oz7H.jpeg?fl=res,400,300,3|shr,,20|jpg,90"
For sale apartment 4+kt 114 m²,"https://d18-a.sdn.cz/d_18/c_img_QN_Jw/E0UE8B.jpeg?fl=res,400,300,3|shr,,20|jpg,90"
For sale apartment 3+1 72 m²,"https://d18-a.sdn.cz/d_18/c_img_QP_Kp/lTeO8r.jpeg?fl=res,400,300,3|shr,,20|jpg,90"
For sale apartment 2+kt 103 m²,"https://d18-a.sdn.cz/d_18/c_img_QP_Kr/mNhE7N.jpeg?fl=res,400,300,3|shr,,20|jpg,90"
For sale apartment 1+kt 20 m²,"https://d18-a.sdn.cz/d_18/c_img_gY_q/JmEWvJ.jpeg?fl=res,400,300,3|shr,,20|jpg,90"
For sale apartment 1+kt 25 m²,"https://d18-a.sdn.cz/d_18/c_img_gX_q/qlPhPq.jpeg?fl=res,400,300,3|shr,,20|jpg,90"
For sale apartment 3+1 80 m²,"https://d18-a.sdn.cz/d_18/c_img_QL_Jx/4hXmpS.jpeg?fl=res,400,300,3|shr,,20|jpg,90"
For sale apartment 4+kt 78 m²,"https://d18-a.sdn.cz/d_18/c_img_QQ_LV/88NhqJ.jpeg?fl=res,400,300,3|shr,,20|jpg,90"
For sale apartment 1+kt 31 m²,"https://d18-a.sdn.cz/d_18/c_img_gT_s/ni9Rys.jpeg?fl=res,400,300,3|shr,,20|jpg,90"
For sale apartment 3+1 77 m²,"https://d18-a.sdn.cz/d_18/c_img_gW_q/EjvaWT.jpeg?fl=res,400,300,3|shr,,20|jpg,90"
For sale apartment 3+kt 74 m²,"https://d18-a.sdn.cz/d_18/c_img_QP_Kr/CuFmyq.jpeg?fl=res,400,300,3|shr,,20|jpg,90"
For sale apartment 3+1 76 m²,"https://d18-a.sdn.cz/d_18/c_img_gY_q/wq8hSu.jpeg?fl=res,400,300,3|shr,,20|jpg,90"
For sale apartment 3+1 64 m²,"https://d18-a.sdn.cz/d_18/c_img_QQ_LV/u2DFef.jpeg?fl=res,400,300,3|shr,,20|jpg,90"
For sale apartment 2+1 67 m²,"https://d18-a.sdn.cz/d_18/c_img_gX_q/K1dXZI.jpeg?fl=res,400,300,3|shr,,20|jpg,90"
For sale apartment 2+1 51 m²,"https://d18-a.sdn.cz/d_18/c_img_gS_p/4sZBN18.jpeg?fl=res,400,300,3|shr,,20|jpg,90"
For sale apartment 2+1 59 m²,"https://d18-a.sdn.cz/d_18/c_img_QQ_LV/VEfFeS.jpeg?fl=res,400,300,3|shr,,20|jpg,90"
For sale apartment 1+1 33 m²,"https://d18-a.sdn.cz/d_18/c_img_gQ_n/VGLBeDk.jpeg?fl=res,400,300,3|shr,,20|jpg,90"
For sale apartment 1+1 34 m²,"https://d18-a.sdn.cz/d_18/c_img_gW_p/1FMBOK3.jpeg?fl=res,400,300,3|shr,,20|jpg,90"
For sale apartment 3+1 58 m²,"https://d18-a.sdn.cz/d_18/c_img_gR_q/QzOejb.jpeg?fl=res,400,300,3|shr,,20|jpg,90"
For sale apartment 3+1 78 m²,"https://d18-a.sdn.cz/d_18/c_img_QQ_LV/p30mop.jpeg?fl=res,400,300,3|shr,,20|jpg,90"
For sale apartment 1+kt 25 m²,"https://d18-a.sdn.cz/d_18/c_img_gX_q/qlPhPq.jpeg?fl=res,400,300,3|shr,,20|jpg,90"
For sale apartment 3+1 80 m²,"https://d18-a.sdn.cz/d_18/c_img_QL_Jx/4hXmpS.jpeg?fl=res,400,300,3|shr,,20|jpg,90"
For sale apartment 4+kt 78 m²,"https://d18-a.sdn.cz/d_18/c_img_QQ_LV/88NhqJ.jpeg?fl=res,400,300,3|shr,,20|jpg,90"
For sale apartment 1+kt 31 m²,"https://d18-a.sdn.cz/d_18/c_img_gT_s/ni9Rys.jpeg?fl=res,400,300,3|shr,,20|jpg,90"
For sale apartment 3+1 77 m²,"https://d18-a.sdn.cz/d_18/c_img_gW_q/EjvaWT.jpeg?fl=res,400,300,3|shr,,20|jpg,90"
For sale apartment 3+kt 74 m²,"https://d18-a.sdn.cz/d_18/c_img_QP_Kr/CuFmyq.jpeg?fl=res,400,300,3|shr,,20|jpg,90"
For sale apartment 3+1 76 m²,"https://d18-a.sdn.cz/d_18/c_img_gY_q/wq8hSu.jpeg?fl=res,400,300,3|shr,,20|jpg,90"
For sale apartment 3+1 64 m²,"https://d18-a.sdn.cz/d_18/c_img_QQ_LV/u2DFef.jpeg?fl=res,400,300,3|shr,,20|jpg,90"
For sale apartment 2+1 67 m²,"https://d18-a.sdn.cz/d_18/c_img_gX_q/K1dXZI.jpeg?fl=res,400,300,3|shr,,20|jpg,90"
For sale apartment 2+1 51 m²,"https://d18-a.sdn.cz/d_18/c_img_gS_p/4sZBN18.jpeg?fl=res,400,300,3|shr,,20|jpg,90"
For sale apartment 2+1 59 m²,"https://d18-a.sdn.cz/d_18/c_img_QQ_LV/VEfFeS.jpeg?fl=res,400,300,3|shr,,20|jpg,90"
For sale apartment 1+1 33 m²,"https://d18-a.sdn.cz/d_18/c_img_gQ_n/VGLBeDk.jpeg?fl=res,400,300,3|shr,,20|jpg,90"
For sale apartment 1+1 34 m²,"https://d18-a.sdn.cz/d_18/c_img_gW_p/1FMBOK3.jpeg?fl=res,400,300,3|shr,,20|jpg,90"
For sale apartment 3+1 58 m²,"https://d18-a.sdn.cz/d_18/c_img_gR_q/QzOejb.jpeg?fl=res,400,300,3|shr,,20|jpg,90"
For sale apartment 3+1 78 m²,"https://d18-a.sdn.cz/d_18/c_img_QQ_LV/p30mop.jpeg?fl=res,400,300,3|shr,,20|jpg,90"
For sale apartment 2+1 87 m²,"https://d18-a.sdn.cz/d_18/c_img_QL_Jx/49wmoD.jpeg?fl=res,400,300,3|shr,,20|jpg,90"
For sale apartment 3+kt 65 m²,"https://d18-a.sdn.cz/d_18/c_img_gY_p/kVcExG.jpeg?fl=res,400,300,3|shr,,20|jpg,90"
For sale apartment 1+1 40 m²,"https://d18-a.sdn.cz/d_18/c_img_gT_r/GZIxIJ.jpeg?fl=res,400,300,3|shr,,20|jpg,90"
For sale apartment 2+1 54 m²,"https://d18-a.sdn.cz/d_18/c_img_gW_q/PCZdn7.jpeg?fl=res,400,300,3|shr,,20|jpg,90"
For sale apartment 1+kt 53 m²,"https://d18-a.sdn.cz/d_18/c_img_QI_Ja/nq7Ua3.jpeg?fl=res,400,300,3|shr,,20|jpg,90"
For sale apartment 2+1 56 m²,"https://d18-a.sdn.cz/d_18/c_img_gY_o/M3oz7H.jpeg?fl=res,400,300,3|shr,,20|jpg,90"
For sale apartment 1+kt 25 m²,"https://d18-a.sdn.cz/d_18/c_img_gX_q/qlPhPq.jpeg?fl=res,400,300,3|shr,,20|jpg,90"
For sale apartment 4+kt 114 m²,"https://d18-a.sdn.cz/d_18/c_img_QN_Jw/E0UE8B.jpeg?fl=res,400,300,3|shr,,20|jpg,90"
For sale apartment 3+1 72 m²,"https://d18-a.sdn.cz/d_18/c_img_QP_Kp/lTeO8r.jpeg?fl=res,400,300,3|shr,,20|jpg,90"
For sale apartment 2+kt 103 m²,"https://d18-a.sdn.cz/d_18/c_img_QP_Kr/mNhE7N.jpeg?fl=res,400,300,3|shr,,20|jpg,90"
For sale apartment 1+kt 20 m²,"https://d18-a.sdn.cz/d_18/c_img_gY_q/JmEWvJ.jpeg?fl=res,400,300,3|shr,,20|jpg,90"
For sale apartment 3+1 80 m²,"https://d18-a.sdn.cz/d_18/c_img_QL_Jx/4hXmpS.jpeg?fl=res,400,300,3|shr,,20|jpg,90"
For sale apartment 4+kt 78 m²,"https://d18-a.sdn.cz/d_18/c_img_QQ_LV/88NhqJ.jpeg?fl=res,400,300,3|shr,,20|jpg,90"
For sale apartment 1+kt 31 m²,"https://d18-a.sdn.cz/d_18/c_img_gT_s/ni9Rys.jpeg?fl=res,400,300,3|shr,,20|jpg,90"
For sale apartment 3+1 77 m²,"https://d18-a.sdn.cz/d_18/c_img_gW_q/EjvaWT.jpeg?fl=res,400,300,3|shr,,20|jpg,90"
For sale apartment 3+kt 74 m²,"https://d18-a.sdn.cz/d_18/c_img_QP_Kr/CuFmyq.jpeg?fl=res,400,300,3|shr,,20|jpg,90"
For sale apartment 3+1 76 m²,"https://d18-a.sdn.cz/d_18/c_img_gY_q/wq8hSu.jpeg?fl=res,400,300,3|shr,,20|jpg,90"
For sale apartment 1+kt 25 m²,"https://d18-a.sdn.cz/d_18/c_img_gX_q/qlPhPq.jpeg?fl=res,400,300,3|shr,,20|jpg,90"
For sale apartment 3+1 80 m²,"https://d18-a.sdn.cz/d_18/c_img_QL_Jx/4hXmpS.jpeg?fl=res,400,300,3|shr,,20|jpg,90"
For sale apartment 4+kt 78 m²,"https://d18-a.sdn.cz/d_18/c_img_QQ_LV/88NhqJ.jpeg?fl=res,400,300,3|shr,,20|jpg,90"
For sale apartment 1+kt 31 m²,"https://d18-a.sdn.cz/d_18/c_img_gT_s/ni9Rys.jpeg?fl=res,400,300,3|shr,,20|jpg,90"
For sale apartment 3+1 77 m²,"https://d18-a.sdn.cz/d_18/c_img_gW_q/EjvaWT.jpeg?fl=res,400,300,3|shr,,20|jpg,90"
For sale apartment 3+1 64 m²,"https://d18-a.sdn.cz/d_18/c_img_QQ_LV/u2DFef.jpeg?fl=res,400,300,3|shr,,20|jpg,90"
For sale apartment 2+1 67 m²,"https://d18-a.sdn.cz/d_18/c_img_gX_q/K1dXZI.jpeg?fl=res,400,300,3|shr,,20|jpg,90"
For sale apartment 2+1 51 m²,"https://d18-a.sdn.cz/d_18/c_img_gS_p/4sZBN18.jpeg?fl=res,400,300,3|shr,,20|jpg,90"
For sale apartment 2+1 59 m²,"https://d18-a.sdn.cz/d_18/c_img_QQ_LV/VEfFeS.jpeg?fl=res,400,300,3|shr,,20|jpg,90"
For sale apartment 1+1 33 m²,"https://d18-a.sdn.cz/d_18/c_img_gQ_n/VGLBeDk.jpeg?fl=res,400,300,3|shr,,20|jpg,90"
For sale apartment 3+kt 74 m²,"https://d18-a.sdn.cz/d_18/c_img_QP_Kr/CuFmyq.jpeg?fl=res,400,300,3|shr,,20|jpg,90"
For sale apartment 3+1 76 m²,"https://d18-a.sdn.cz/d_18/c_img_gY_q/wq8hSu.jpeg?fl=res,400,300,3|shr,,20|jpg,90"
For sale apartment 3+1 64 m²,"https://d18-a.sdn.cz/d_18/c_img_QQ_LV/u2DFef.jpeg?fl=res,400,300,3|shr,,20|jpg,90"
For sale apartment 2+1 67 m²,"https://d18-a.sdn.cz/d_18/c_img_gX_q/K1dXZI.jpeg?fl=res,400,300,3|shr,,20|jpg,90"
For sale apartment 2+1 51 m²,"https://d18-a.sdn.cz/d_18/c_img_gS_p/4sZBN18.jpeg?fl=res,400,300,3|shr,,20|jpg,90"
For sale apartment 2+1 59 m²,"https://d18-a.sdn.cz/d_18/c_img_QQ_LV/VEfFeS.jpeg?fl=res,400,300,3|shr,,20|jpg,90"
For sale apartment 1+1 34 m²,"https://d18-a.sdn.cz/d_18/c_img_gW_p/1FMBOK3.jpeg?fl=res,400,300,3|shr,,20|jpg,90"
For sale apartment 3+1 58 m²,"https://d18-a.sdn.cz/d_18/c_img_gR_q/QzOejb.jpeg?fl=res,400,300,3|shr,,20|jpg,90"
For sale apartment 3+1 78 m²,"https://d18-a.sdn.cz/d_18/c_img_QQ_LV/p30mop.jpeg?fl=res,400,300,3|shr,,20|jpg,90"
For sale apartment 2+1 87 m²,"https://d18-a.sdn.cz/d_18/c_img_QL_Jx/49wmoD.jpeg?fl=res,400,300,3|shr,,20|jpg,90"
For sale apartment 3+kt 65 m²,"https://d18-a.sdn.cz/d_18/c_img_gY_p/kVcExG.jpeg?fl=res,400,300,3|shr,,20|jpg,90"
For sale apartment 1+1 40 m²,"https://d18-a.sdn.cz/d_18/c_img_gT_r/GZIxIJ.jpeg?fl=res,400,300,3|shr,,20|jpg,90"
For sale apartment 1+1 33 m²,"https://d18-a.sdn.cz/d_18/c_img_gQ_n/VGLBeDk.jpeg?fl=res,400,300,3|shr,,20|jpg,90"
For sale apartment 1+1 34 m²,"https://d18-a.sdn.cz/d_18/c_img_gW_p/1FMBOK3.jpeg?fl=res,400,300,3|shr,,20|jpg,90"
For sale apartment 3+1 58 m²,"https://d18-a.sdn.cz/d_18/c_img_gR_q/QzOejb.jpeg?fl=res,400,300,3|shr,,20|jpg,90"
For sale apartment 3+1 78 m²,"https://d18-a.sdn.cz/d_18/c_img_QQ_LV/p30mop.jpeg?fl=res,400,300,3|shr,,20|jpg,90"
For sale apartment 2+1 54 m²,"https://d18-a.sdn.cz/d_18/c_img_gW_q/PCZdn7.jpeg?fl=res,400,300,3|shr,,20|jpg,90"
For sale apartment 1+kt 53 m²,"https://d18-a.sdn.cz/d_18/c_img_QI_Ja/nq7Ua3.jpeg?fl=res,400,300,3|shr,,20|jpg,90"
For sale apartment 2+1 56 m²,"https://d18-a.sdn.cz/d_18/c_img_gY_o/M3oz7H.jpeg?fl=res,400,300,3|shr,,20|jpg,90"
For sale apartment 4+kt 114 m²,"https://d18-a.sdn.cz/d_18/c_img_QN_Jw/E0UE8B.jpeg?fl=res,400,300,3|shr,,20|jpg,90"
For sale apartment 3+1 72 m²,"https://d18-a.sdn.cz/d_18/c_img_QP_Kp/lTeO8r.jpeg?fl=res,400,300,3|shr,,20|jpg,90"
For sale apartment 2+kt 103 m²,"https://d18-a.sdn.cz/d_18/c_img_QP_Kr/mNhE7N.jpeg?fl=res,400,300,3|shr,,20|jpg,90"
For sale apartment 1+kt 20 m²,"https://d18-a.sdn.cz/d_18/c_img_gY_q/JmEWvJ.jpeg?fl=res,400,300,3|shr,,20|jpg,90"
For sale apartment 1+kt 25 m²,"https://d18-a.sdn.cz/d_18/c_img_gX_q/qlPhPq.jpeg?fl=res,400,300,3|shr,,20|jpg,90"
For sale apartment 3+1 80 m²,"https://d18-a.sdn.cz/d_18/c_img_QL_Jx/4hXmpS.jpeg?fl=res,400,300,3|shr,,20|jpg,90"
For sale apartment 4+kt 78 m²,"https://d18-a.sdn.cz/d_18/c_img_QQ_LV/88NhqJ.jpeg?fl=res,400,300,3|shr,,20|jpg,90"
For sale apartment 1+kt 31 m²,"https://d18-a.sdn.cz/d_18/c_img_gT_s/ni9Rys.jpeg?fl=res,400,300,3|shr,,20|jpg,90"
For sale apartment 3+1 77 m²,"https://d18-a.sdn.cz/d_18/c_img_gW_q/EjvaWT.jpeg?fl=res,400,300,3|shr,,20|jpg,90"
For sale apartment 3+kt 74 m²,"https://d18-a.sdn.cz/d_18/c_img_QP_Kr/CuFmyq.jpeg?fl=res,400,300,3|shr,,20|jpg,90"
For sale apartment 3+1 76 m²,"https://d18-a.sdn.cz/d_18/c_img_gY_q/wq8hSu.jpeg?fl=res,400,300,3|shr,,20|jpg,90"
For sale apartment 3+1 64 m²,"https://d18-a.sdn.cz/d_18/c_img_QQ_LV/u2DFef.jpeg?fl=res,400,300,3|shr,,20|jpg,90"
For sale apartment 2+1 67 m²,"https://d18-a.sdn.cz/d_18/c_img_gX_q/K1dXZI.jpeg?fl=res,400,300,3|shr,,20|jpg,90"
For sale apartment 2+1 51 m²,"https://d18-a.sdn.cz/d_18/c_img_gS_p/4sZBN18.jpeg?fl=res,400,300,3|shr,,20|jpg,90"
For sale apartment 2+1 59 m²,"https://d18-a.sdn.cz/d_18/c_img_QQ_LV/VEfFeS.jpeg?fl=res,400,300,3|shr,,20|jpg,90"
For sale apartment 1+1 33 m²,"https://d18-a.sdn.cz/d_18/c_img_gQ_n/VGLBeDk.jpeg?fl=res,400,300,3|shr,,20|jpg,90"
For sale apartment 1+1 34 m²,"https://d18-a.sdn.cz/d_18/c_img_gW_p/1FMBOK3.jpeg?fl=res,400,300,3|shr,,20|jpg,90"
For sale apartment 3+1 58 m²,"https://d18-a.sdn.cz/d_18/c_img_gR_q/QzOejb.jpeg?fl=res,400,300,3|shr,,20|jpg,90"
For sale apartment 3+1 78 m²,"https://d18-a.sdn.cz/d_18/c_img_QQ_LV/p30mop.jpeg?fl=res,400,300,3|shr,,20|jpg,90"
For sale apartment 2+1 56 m²,"https://d18-a.sdn.cz/d_18/c_img_gY_o/M3oz7H.jpeg?fl=res,400,300,3|shr,,20|jpg,90"
For sale apartment 2+1 56 m²,"https://d18-a.sdn.cz/d_18/c_img_gY_o/M3oz7H.jpeg?fl=res,400,300,3|shr,,20|jpg,90"
For sale apartment 4+kt 114 m²,"https://d18-a.sdn.cz/d_18/c_img_QN_Jw/E0UE8B.jpeg?fl=res,400,300,3|shr,,20|jpg,90"
For sale apartment 3+1 72 m²,"https://d18-a.sdn.cz/d_18/c_img_QP_Kp/lTeO8r.jpeg?fl=res,400,300,3|shr,,20|jpg,90"
For sale apartment 2+kt 103 m²,"https://d18-a.sdn.cz/d_18/c_img_QP_Kr/mNhE7N.jpeg?fl=res,400,300,3|shr,,20|jpg,90"
For sale apartment 1+kt 20 m²,"https://d18-a.sdn.cz/d_18/c_img_gY_q/JmEWvJ.jpeg?fl=res,400,300,3|shr,,20|jpg,90"
For sale apartment 1+kt 25 m²,"https://d18-a.sdn.cz/d_18/c_img_gX_q/qlPhPq.jpeg?fl=res,400,300,3|shr,,20|jpg,90"
For sale apartment 3+1 80 m²,"https://d18-a.sdn.cz/d_18/c_img_QL_Jx/4hXmpS.jpeg?fl=res,400,300,3|shr,,20|jpg,90"
For sale apartment 4+kt 78 m²,"https://d18-a.sdn.cz/d_18/c_img_QQ_LV/88NhqJ.jpeg?fl=res,400,300,3|shr,,20|jpg,90"
For sale apartment 1+kt 31 m²,"https://d18-a.sdn.cz/d_18/c_img_gT_s/ni9Rys.jpeg?fl=res,400,300,3|shr,,20|jpg,90"
For sale apartment 3+1 77 m²,"https://d18-a.sdn.cz/d_18/c_img_gW_q/EjvaWT.jpeg?fl=res,400,300,3|shr,,20|jpg,90"
For sale apartment 4+kt 114 m²,"https://d18-a.sdn.cz/d_18/c_img_QN_Jw/E0UE8B.jpeg?fl=res,400,300,3|shr,,20|jpg,90"
For sale apartment 3+1 72 m²,"https://d18-a.sdn.cz/d_18/c_img_QP_Kp/lTeO8r.jpeg?fl=res,400,300,3|shr,,20|jpg,90"
For sale apartment 2+kt 103 m²,"https://d18-a.sdn.cz/d_18/c_img_QP_Kr/mNhE7N.jpeg?fl=res,400,300,3|shr,,20|jpg,90"
For sale apartment 1+kt 20 m²,"https://d18-a.sdn.cz/d_18/c_img_gY_q/JmEWvJ.jpeg?fl=res,400,300,3|shr,,20|jpg,90"
For sale apartment 1+kt 25 m²,"https://d18-a.sdn.cz/d_18/c_img_gX_q/qlPhPq.jpeg?fl=res,400,300,3|shr,,20|jpg,90"
For sale apartment 3+1 80 m²,"https://d18-a.sdn.cz/d_18/c_img_QL_Jx/4hXmpS.jpeg?fl=res,400,300,3|shr,,20|jpg,90"
For sale apartment 4+kt 78 m²,"https://d18-a.sdn.cz/d_18/c_img_QQ_LV/88NhqJ.jpeg?fl=res,400,300,3|shr,,20|jpg,90"
For sale apartment 3+kt 74 m²,"https://d18-a.sdn.cz/d_18/c_img_QP_Kr/CuFmyq.jpeg?fl=res,400,300,3|shr,,20|jpg,90"
For sale apartment 3+1 76 m²,"https://d18-a.sdn.cz/d_18/c_img_gY_q/wq8hSu.jpeg?fl=res,400,300,3|shr,,20|jpg,90"
For sale apartment 3+1 64 m²,"https://d18-a.sdn.cz/d_18/c_img_QQ_LV/u2DFef.jpeg?fl=res,400,300,3|shr,,20|jpg,90"
For sale apartment 2+1 67 m²,"https://d18-a.sdn.cz/d_18/c_img_gX_q/K1dXZI.jpeg?fl=res,400,300,3|shr,,20|jpg,90"
For sale apartment 2+1 51 m²,"https://d18-a.sdn.cz/d_18/c_img_gS_p/4sZBN18.jpeg?fl=res,400,300,3|shr,,20|jpg,90"
For sale apartment 2+1 59 m²,"https://d18-a.sdn.cz/d_18/c_img_QQ_LV/VEfFeS.jpeg?fl=res,400,300,3|shr,,20|jpg,90"
For sale apartment 1+1 33 m²,"https://d18-a.sdn.cz/d_18/c_img_gQ_n/VGLBeDk.jpeg?fl=res,400,300,3|shr,,20|jpg,90"
For sale apartment 1+1 34 m²,"https://d18-a.sdn.cz/d_18/c_img_gW_p/1FMBOK3.jpeg?fl=res,400,300,3|shr,,20|jpg,90"
For sale apartment 1+kt 31 m²,"https://d18-a.sdn.cz/d_18/c_img_gT_s/ni9Rys.jpeg?fl=res,400,300,3|shr,,20|jpg,90"
For sale apartment 3+1 77 m²,"https://d18-a.sdn.cz/d_18/c_img_gW_q/EjvaWT.jpeg?fl=res,400,300,3|shr,,20|jpg,90"
For sale apartment 3+kt 74 m²,"https://d18-a.sdn.cz/d_18/c_img_QP_Kr/CuFmyq.jpeg?fl=res,400,300,3|shr,,20|jpg,90"
For sale apartment 3+1 76 m²,"https://d18-a.sdn.cz/d_18/c_img_gY_q/wq8hSu.jpeg?fl=res,400,300,3|shr,,20|jpg,90"
For sale apartment 3+1 64 m²,"https://d18-a.sdn.cz/d_18/c_img_QQ_LV/u2DFef.jpeg?fl=res,400,300,3|shr,,20|jpg,90"
For sale apartment 2+1 67 m²,"https://d18-a.sdn.cz/d_18/c_img_gX_q/K1dXZI.jpeg?fl=res,400,300,3|shr,,20|jpg,90"
For sale apartment 2+1 51 m²,"https://d18-a.sdn.cz/d_18/c_img_gS_p/4sZBN18.jpeg?fl=res,400,300,3|shr,,20|jpg,90"
For sale apartment 2+1 59 m²,"https://d18-a.sdn.cz/d_18/c_img_QQ_LV/VEfFeS.jpeg?fl=res,400,300,3|shr,,20|jpg,90"
For sale apartment 3+1 58 m²,"https://d18-a.sdn.cz/d_18/c_img_gR_q/QzOejb.jpeg?fl=res,400,300,3|shr,,20|jpg,90"
For sale apartment 3+1 78 m²,"https://d18-a.sdn.cz/d_18/c_img_QQ_LV/p30mop.jpeg?fl=res,400,300,3|shr,,20|jpg,90"
For sale apartment 1+1 33 m²,"https://d18-a.sdn.cz/d_18/c_img_gQ_n/VGLBeDk.jpeg?fl=res,400,300,3|shr,,20|jpg,90"
For sale apartment 1+1 34 m²,"https://d18-a.sdn.cz/d_18/c_img_gW_p/1FMBOK3.jpeg?fl=res,400,300,3|shr,,20|jpg,90"
For sale apartment 3+1 58 m²,"https://d18-a.sdn.cz/d_18/c_img_gR_q/QzOejb.jpeg?fl=res,400,300,3|shr,,20|jpg,90"
For sale apartment 3+1 78 m²,"https://d18-a.sdn.cz/d_18/c_img_QQ_LV/p30mop.jpeg?fl=res,400,300,3|shr,,20|jpg,90"
For sale apartment 1+kt 25 m²,"https://d18-a.sdn.cz/d_18/c_img_gX_q/qlPhPq.jpeg?fl=res,400,300,3|shr,,20|jpg,90"
For sale apartment 3+1 80 m²,"https://d18-a.sdn.cz/d_18/c_img_QL_Jx/4hXmpS.jpeg?fl=res,400,300,3|shr,,20|jpg,90"
For sale apartment 4+kt 78 m²,"https://d18-a.sdn.cz/d_18/c_img_QQ_LV/88NhqJ.jpeg?fl=res,400,300,3|shr,,20|jpg,90"
For sale apartment 1+kt 31 m²,"https://d18-a.sdn.cz/d_18/c_img_gT_s/ni9Rys.jpeg?fl=res,400,300,3|shr,,20|jpg,90"
For sale apartment 3+1 77 m²,"https://d18-a.sdn.cz/d_18/c_img_gW_q/EjvaWT.jpeg?fl=res,400,300,3|shr,,20|jpg,90"
For sale apartment 3+kt 74 m²,"https://d18-a.sdn.cz/d_18/c_img_QP_Kr/CuFmyq.jpeg?fl=res,400,300,3|shr,,20|jpg,90"
For sale apartment 3+1 76 m²,"https://d18-a.sdn.cz/d_18/c_img_gY_q/wq8hSu.jpeg?fl=res,400,300,3|shr,,20|jpg,90"
For sale apartment 3+1 64 m²,"https://d18-a.sdn.cz/d_18/c_img_QQ_LV/u2DFef.jpeg?fl=res,400,300,3|shr,,20|jpg,90"
For sale apartment 2+1 67 m²,"https://d18-a.sdn.cz/d_18/c_img_gX_q/K1dXZI.jpeg?fl=res,400,300,3|shr,,20|jpg,90"
For sale apartment 2+1 51 m²,"https://d18-a.sdn.cz/d_18/c_img_gS_p/4sZBN18.jpeg?fl=res,400,300,3|shr,,20|jpg,90"
For sale apartment 2+1 59 m²,"https://d18-a.sdn.cz/d_18/c_img_QQ_LV/VEfFeS.jpeg?fl=res,400,300,3|shr,,20|jpg,90"
For sale apartment 1+1 33 m²,"https://d18-a.sdn.cz/d_18/c_img_gQ_n/VGLBeDk.jpeg?fl=res,400,300,3|shr,,20|jpg,90"
For sale apartment 1+1 34 m²,"https://d18-a.sdn.cz/d_18/c_img_gW_p/1FMBOK3.jpeg?fl=res,400,300,3|shr,,20|jpg,90"
For sale apartment 3+1 58 m²,"https://d18-a.sdn.cz/d_18/c_img_gR_q/QzOejb.jpeg?fl=res,400,300,3|shr,,20|jpg,90"
For sale apartment 3+1 78 m²,"https://d18-a.sdn.cz/d_18/c_img_QQ_LV/p30mop.jpeg?fl=res,400,300,3|shr,,20|jpg,90"
For sale apartment 2+1 87 m²,"https://d18-a.sdn.cz/d_18/c_img_QL_Jx/49wmoD.jpeg?fl=res,400,300,3|shr,,20|jpg,90"
For sale apartment 3+kt 65 m²,"https://d18-a.sdn.cz/d_18/c_img_gY_p/kVcExG.jpeg?fl=res,400,300,3|shr,,20|jpg,90"
For sale apartment 1+1 40 m²,"https://d18-a.sdn.cz/d_18/c_img_gT_r/GZIxIJ.jpeg?fl=res,400,300,3|shr,,20|jpg,90"
For sale apartment 2+1 54 m²,"https://d18-a.sdn.cz/d_18/c_img_gW_q/PCZdn7.jpeg?fl=res,400,300,3|shr,,20|jpg,90"
For sale apartment 1+kt 53 m²,"https://d18-a.sdn.cz/d_18/c_img_QI_Ja/nq7Ua3.jpeg?fl=res,400,300,3|shr,,20|jpg,90"
For sale apartment 2+1 56 m²,"https://d18-a.sdn.cz/d_18/c_img_gY_o/M3oz7H.jpeg?fl=res,400,300,3|shr,,20|jpg,90"
For sale apartment 4+kt 114 m²,"https://d18-a.sdn.cz/d_18/c_img_QN_Jw/E0UE8B.jpeg?fl=res,400,300,3|shr,,20|jpg,90"
For sale apartment 3+1 72 m²,"https://d18-a.sdn.cz/d_18/c_img_QP_Kp/lTeO8r.jpeg?fl=res,400,300,3|shr,,20|jpg,90"
For sale apartment 2+kt 103 m²,"https://d18-a.sdn.cz/d_18/c_img_QP_Kr/mNhE7N.jpeg?fl=res,400,300,3|shr,,20|jpg,90"
For sale apartment 1+kt 20 m²,"https://d18-a.sdn.cz/d_18/c_img_gY_q/JmEWvJ.jpeg?fl=res,400,300,3|shr,,20|jpg,90"
For sale apartment 1+kt 25 m²,"https://d18-a.sdn.cz/d_18/c_img_gX_q/qlPhPq.jpeg?fl=res,400,300,3|shr,,20|jpg,90"
For sale apartment 3+1 80 m²,"https://d18-a.sdn.cz/d_18/c_img_QL_Jx/4hXmpS.jpeg?fl=res,400,300,3|shr,,20|jpg,90"
For sale apartment 4+kt 78 m²,"https://d18-a.sdn.cz/d_18/c_img_QQ_LV/88NhqJ.jpeg?fl=res,400,300,3|shr,,20|jpg,90"
For sale apartment 1+kt 31 m²,"https://d18-a.sdn.cz/d_18/c_img_gT_s/ni9Rys.jpeg?fl=res,400,300,3|shr,,20|jpg,90"
For sale apartment 3+1 77 m²,"https://d18-a.sdn.cz/d_18/c_img_gW_q/EjvaWT.jpeg?fl=res,400,300,3|shr,,20|jpg,90"
For sale apartment 3+kt 74 m²,"https://d18-a.sdn.cz/d_18/c_img_QP_Kr/CuFmyq.jpeg?fl=res,400,300,3|shr,,20|jpg,90"
For sale apartment 3+1 76 m²,"https://d18-a.sdn.cz/d_18/c_img_gY_q/wq8hSu.jpeg?fl=res,400,300,3|shr,,20|jpg,90"
For sale apartment 3+1 64 m²,"https://d18-a.sdn.cz/d_18/c_img_QQ_LV/u2DFef.jpeg?fl=res,400,300,3|shr,,20|jpg,90"
For sale apartment 2+1 67 m²,"https://d18-a.sdn.cz/d_18/c_img_gX_q/K1dXZI.jpeg?fl=res,400,300,3|shr,,20|jpg,90"
For sale apartment 2+1 51 m²,"https://d18-a.sdn.cz/d_18/c_img_gS_p/4sZBN18.jpeg?fl=res,400,300,3|shr,,20|jpg,90"
For sale apartment 2+1 59 m²,"https://d18-a.sdn.cz/d_18/c_img_QQ_LV/VEfFeS.jpeg?fl=res,400,300,3|shr,,20|jpg,90"
For sale apartment 1+1 33 m²,"https://d18-a.sdn.cz/d_18/c_img_gQ_n/VGLBeDk.jpeg?fl=res,400,300,3|shr,,20|jpg,90"
For sale apartment 1+1 34 m²,"https://d18-a.sdn.cz/d_18/c_img_gW_p/1FMBOK3.jpeg?fl=res,400,300,3|shr,,20|jpg,90"
For sale apartment 3+1 58 m²,"https://d18-a.sdn.cz/d_18/c_img_gR_q/QzOejb.jpeg?fl=res,400,300,3|shr,,20|jpg,90"
For sale apartment 3+1 78 m²,"https://d18-a.sdn.cz/d_18/c_img_QQ_LV/p30mop.jpeg?fl=res,400,300,3|shr,,20|jpg,90"
